review_id,product_id,date,platform,product_name,rating,review_text,likes
1,B00Y8MP4G6,2025-10-03,Amazon,"Garden of Life Once Daily Dr. Formulated Probiotics for Women 50 Billion CFU 16 Probiotic Strains with Organic Prebiotics for Digestive, Vaginal & Immune Health, Dairy Free, Shelf Stable 30 Capsules",5.0,"I’ve been taking these probiotics daily and really notice a difference in digestion and overall balance. They’re easy to swallow, and I appreciate that they don’t require refrigeration, so they’re convenient to travel with.  This formula feels gentle but effective, and I’ve noticed improvements in regularity and less bloating since starting. It’s also reassuring that it’s specifically designed for women with targeted strains.  The only downside is the price, but given the quality and noticeable results, I feel like it’s worth it.",3
2,B00Y8MP4G6,2025-10-03,Amazon,"Garden of Life Once Daily Dr. Formulated Probiotics for Women 50 Billion CFU 16 Probiotic Strains with Organic Prebiotics for Digestive, Vaginal & Immune Health, Dairy Free, Shelf Stable 30 Capsules",5.0,"I am impressed with these probiotics. Despite their larger size, they are easy to swallow and work wonderfully for gut health, keeping my bowels regular with every dose. I've purchased multiple bottles of Dr. Formulated Probiotics and confidently recommend them to many of my patients. The price is quite reasonable for the quality provided. I do not have any side effects from them, and I am very sensitive to a lot of things.  In terms of immune health, I rarely get sick, which I attribute, at least in part, to the effectiveness of these probiotics. For vaginal health, I have experienced no issues whatsoever, indicating that they are doing their job. Additionally, I love that this product doesn’t require refrigeration, making it incredibly convenient. The bottle is also sealed with a tamper-proof seal, and the expiration date typically extends for over a year, ensuring freshness. Overall, I recommend these probiotics.",26
3,B00Y8MP4G6,2025-10-03,Amazon,"Garden of Life Once Daily Dr. Formulated Probiotics for Women 50 Billion CFU 16 Probiotic Strains with Organic Prebiotics for Digestive, Vaginal & Immune Health, Dairy Free, Shelf Stable 30 Capsules",5.0,"I've been very pleased with this product. The 16 diverse strains seem to work well, and I noticed no side effects. It's a great product overall, easy to take. I feel like my digestion and immunity have improved. Definitely recommend it to others looking for a reliable probiotic.",8
4,B00Y8MP4G6,2025-10-03,Amazon,"Garden of Life Once Daily Dr. Formulated Probiotics for Women 50 Billion CFU 16 Probiotic Strains with Organic Prebiotics for Digestive, Vaginal & Immune Health, Dairy Free, Shelf Stable 30 Capsules",5.0,"I've been taking Garden of Life's Dr. Formulated Probiotics Once Daily for a few months now, and I’m really impressed. The capsule is easy to swallow, and I appreciate that it’s shelf-stable—no refrigeration needed. I’ve noticed a significant improvement in my digestion; I feel less bloated and more regular. It also seems to support my immune system, as I’ve been feeling healthier overall.  What I like most is the quality. It contains 30 billion CFU from 14 diverse probiotic strains, including Lactobacillus and Bifidobacterium species, along with organic prebiotic fiber to nourish the good bacteria. Plus, it's free from gluten, dairy, and soy, which is important to me.  If you're looking for a reliable, once-daily probiotic to support your gut health, I highly recommend giving this one a try.",49
5,B00Y8MP4G6,2025-10-03,Amazon,"Garden of Life Once Daily Dr. Formulated Probiotics for Women 50 Billion CFU 16 Probiotic Strains with Organic Prebiotics for Digestive, Vaginal & Immune Health, Dairy Free, Shelf Stable 30 Capsules",4.0,"I love these, they work amazing but don't expect them to be the cure all. Great as a supplement to a good diet and gynecologist.",9
6,B00Y8MP4G6,2025-10-03,Amazon,"Garden of Life Once Daily Dr. Formulated Probiotics for Women 50 Billion CFU 16 Probiotic Strains with Organic Prebiotics for Digestive, Vaginal & Immune Health, Dairy Free, Shelf Stable 30 Capsules",5.0,"I’ve been taking these probiotics daily and the results have been amazing. My gut health has improved a lot, and I feel much more balanced and comfortable. I really like that it’s specifically formulated for women, and I’ve had no side effects. The capsules are easy to take, and I’ve noticed a positive difference in my digestion and overall well-being. Definitely recommend!",0
7,B00Y8MP4G6,2025-10-03,Amazon,"Garden of Life Once Daily Dr. Formulated Probiotics for Women 50 Billion CFU 16 Probiotic Strains with Organic Prebiotics for Digestive, Vaginal & Immune Health, Dairy Free, Shelf Stable 30 Capsules",5.0,"Love this probiotic. As a woman in my early 30’s, I take this daily to help with digestive support and feminine health. I notice irregularities when I stop taking for a few days. It is expensive, but worth it in my opinion. Only word of caution is check the expiration date when ordering online.",2
8,B00Y8MP4G6,2025-10-03,Amazon,"Garden of Life Once Daily Dr. Formulated Probiotics for Women 50 Billion CFU 16 Probiotic Strains with Organic Prebiotics for Digestive, Vaginal & Immune Health, Dairy Free, Shelf Stable 30 Capsules",5.0,"Garden of Life’s Once Daily Dr. Formulated Probiotics for Women is basically a wellness squad packed into a single capsule. With 50 billion CFU and 16 probiotic strains, this supplement is like sending a team of microscopic life coaches to your digestive system, vaginal microbiome, and immune defenses.  Why It Rocks:  Targeted for Women: Formulated by a real doctor (not just a guy named Chad in a lab coat), this blend supports the unique needs of women’s health.  50 Billion CFU: That’s not a typo. It’s a bacterial army ready to balance your gut like a yoga instructor with a clipboard.  16 Probiotic Strains: Diversity matters—even in your microbiome. These strains work together like a bacterial Avengers team.  Organic Prebiotics: Because probiotics need snacks too. These help the good bacteria thrive and throw shade at the bad ones.  Bonus Perks:  Dairy-Free & Shelf-Stable: No fridge? No problem. Take it on the go, to work, or on your “I’m finally taking a vacation” trip.  One-a-Day Simplicity: No juggling pills like a circus act. Just one capsule and you’re good to glow.  Final Verdict: If your gut’s been acting like a drama queen, this probiotic is the backstage manager it needs. Digestive harmony, immune support, and vaginal health—all in one tiny capsule. Your insides will be throwing a thank-you parade.",0
9,B00Y8MP4G6,2025-10-03,Amazon,"Garden of Life Once Daily Dr. Formulated Probiotics for Women 50 Billion CFU 16 Probiotic Strains with Organic Prebiotics for Digestive, Vaginal & Immune Health, Dairy Free, Shelf Stable 30 Capsules",5.0,"It does exactly what it says. I researched what, when, where, how, why, and if I should I take Probiotics. I found that the minimum requirements for effectiveness is 50 billion and a minimum of 11 strains. A lot of products claim to meet those two guidelines. But when you look at the ingredients they have a list of stuff that has nothing to do do with Probiotics bottom line. A lot of scams out there with products claiming to be the real thing but they are full of herbs, vegetables, and other ingredients that are known only to them. If you want all those ingredients buy over the counter vitamins, which might be a lot cheaper. But you and me are looking at Probiotics for a reason. Remember to stay focused on that particular reason.  I carefully compiled a list of over 125 products. Some had a few details on the ingredients and some had none. Yet, they all claimed to be Probiotics, which I quickly found out that it was not true. Anyway, if a particular product did not clearly list the required ingredients, I crossed it out from the list. Every product claims to be the best on the market. Don't fall for it. One product at the time was scratched from the list, until I found the right one for me and my medical issues.  I decided to buy Garden if Life Probiotic. I made this choice after pouring many hours on research, which needed to meet specific criteria: 50 billion and 16 strains. Anything less than 50 billion isn't that effective for reaching my medical goals (see them listed somewhere else in this post). And of course, every ingredient that is contained in this product is clearly listed on the Amazon website. My doctor said that there was a lot of research on Probiotic products on neuroscience journals and how Probiotics could help me with my particular medical conditions, which the medical field had nothing else to to offer me. As a professional researcher, I had to get my hands, right away, on high quality journals on line. I read more than 15 articles from different journals. It took me a long time (over 2 weeks) because my cognitive difficulties (remembering, understanding, etc.). The research was well designed, the findings were consistent and they were well supported. If you feel the urgency to read research just go to Google and search for ""Probiotics research on neuroscience journals."" From there you get to pick and choose from a huge selection of journals. It's like a huge salad bar, with enough variety to satisfy anyone with an enormous hunger for information. It just doesn't get any better than that.  Note: Insurance companies do not cover this product. It really is a disappointment but not enough to discourage me give up on my search for a light at the end of the tunnel.  Next is affordability. Since my goal is to consistently take it every day for many years to come, I needed to to make sure it was affordable. This product is a winner!!! Since I'm on a fixed income, I need to make sure that I wouldn't go broke in the process of trying to reconnect with my cognitive abilities and, maybe even restore some of my memories. If nothing else, based on the research, I truly believe that I'll be able to improve my cognitive skills and keep new memories. And that, ladies and gentlemen, IS THE BOTTOM LINE. The simple FACT is that I have been taking this product for just a few days and I can SEE SOME ENCOURAGING RESULTS. I wrote this post (a) without any hand written notes on the side to rely on, (b) without taking me for ever, and (c) without sweeting bullets connected with the frustration of not having a clue whether I was making any sense. Let me give you an example of how I feel right now. This is, indeed, like you are watching the Super Bowl game and your team is getting its asses kicked, badly (my doctors lack of resources to help me). You almost lose hope (will I loose my mind completely? how soon? What will happen to me when I can no longer think nor remember simple words or conversations with my loved ones?), but you don't give up. You heart is full of faith thinking that something can be done to win the game. As hard as it is, and with very little hope someone makes the perfect play (my doctor studying Probiotics for years and recently recommending to patients who had similar problems like mine. According to my doctor he was getting encouraging results) and you come back from the brinck of despair. The last day of the season, on the last second you find yourself being a part of of the winning team. You feel like you were present in the stadium with your team players when you won the Super Bowl (my the help of Probiotics). And you feel like life is returning to you and your steps are lighter, quicker, easier, and you have all the confidence of the world. Life seems to be returning to your mind and the future looks full of new possibilities and new adventures. I CAN THINK, ENGAGE IN SIMPLE CONVERSATIONS WITHOUT GETTING LOST, AND THAT'S ONLY THE BEGINNING. I have faith that I am going to to have a great future. A future without fear. Please you all wish me good luck, and if you don't mind praying for a stranger pray that my new found hope on Probiotics really works. Thank you for reading this long, mushy, and even corney post, but I am too excited. I just couldn't wait to share with the world. I hope others too can find new hope with this product. Nothing is guaranteed in this life. Not even Probiotics. It is just my own experience and nothing else. P. S. I'm not being paid for my comments nor was asked to write this post.",11
10,B00Y8MP4G6,2025-10-03,Amazon,"Garden of Life Once Daily Dr. Formulated Probiotics for Women 50 Billion CFU 16 Probiotic Strains with Organic Prebiotics for Digestive, Vaginal & Immune Health, Dairy Free, Shelf Stable 30 Capsules",5.0,"After 3 years of use, this probiotic has honestly fixed all my stomach issues!  This once-daily probiotic has 50 billion CFU and 16 diverse strains, targeting not just digestive health but also vaginal and immune support. I really like that it includes organic prebiotics, I'm really picky about ingredients and this passes my inspection - no fillers! It's dairy-free and can be left on the shelf makes it super convenient—no refrigeration hassle, and easy to toss into a travel bag. The capsules are smooth and easy to swallow, and I’ve noticed improvements in regularity, bloating, and overall comfort. The only thing to keep in mind is that the potency is strong, so if you’re new to probiotics, you might want to start with a lower dose and build up.  Tip: Take it after your breakfast (or your first meal) for best absorption and consistency. I get nausea if I take on an empty stomach.  I highly recommend this supplement & I hope you this review is helpful 👍🏻",0
11,B00Y8MP4G6,2025-10-03,Amazon,"Garden of Life Once Daily Dr. Formulated Probiotics for Women 50 Billion CFU 16 Probiotic Strains with Organic Prebiotics for Digestive, Vaginal & Immune Health, Dairy Free, Shelf Stable 30 Capsules",5.0,"Well, I was a little skeptical about taking probiotics. For some reason, I thought it wouldn't have any real effect and that it would be like taking a placebo. Well, no, I was completely wrong. After reading what other products offered and the reviews, I decided to buy this one. I recommend it 100%. From the first day I started taking it, I started going to the bathroom normally, without pain, without problems. I've had less gas, less constipation, and much more energy. The pills are easy to swallow, have no particular taste, and haven't caused my stomach to be upset. I've taken them early in the day and late at night, and they have the same effect.",0
12,B00Y8MP4G6,2025-10-03,Amazon,"Garden of Life Once Daily Dr. Formulated Probiotics for Women 50 Billion CFU 16 Probiotic Strains with Organic Prebiotics for Digestive, Vaginal & Immune Health, Dairy Free, Shelf Stable 30 Capsules",5.0,"My wife was searching for a probiotic that would actually help her for several months and finally got a referral for this product from, of all places, an AI search courtesy of Grok AI. Crazy, right? BUT that recommendation was better than all the articles she read and videos she watched. While not everyone will have the same results, she is happy and her gut health has greatly improved since she started taking this supplement. Results matter!",0
13,B00Y8MP4G6,2025-10-03,Amazon,"Garden of Life Once Daily Dr. Formulated Probiotics for Women 50 Billion CFU 16 Probiotic Strains with Organic Prebiotics for Digestive, Vaginal & Immune Health, Dairy Free, Shelf Stable 30 Capsules",4.0,"I started taking this once-daily probiotic a few months ago, mainly to support digestion and general wellness. I wasn’t entirely consistent at first—there were weeks I skipped—but I recently finished the bottle and figured it was a good time to share my thoughts. What I liked right away was how convenient it is. The capsules are shelf-stable, dairy-free, and don’t need to be refrigerated, which makes them easy to include in my morning routine. After about a week of consistent use, I started noticing a positive change—my digestion felt more regular and less bloated overall. Most importantly, it helped establish a more consistent bathroom schedule, which was a big win for me.  One thing I wanted to mention: before buying, I saw some reviews mentioning mild bloating or gas during the adjustment period. I didn’t experience that initially, but after a few weeks I did notice that drinking milk sometimes caused a bit of odd intestinal movement—like a noticeable rumbling or gurgling. It wasn’t painful or uncomfortable enough to be a problem, and I never had diarrhea, but it was new for me. After looking into it, it seems changes in gut flora can affect how your body reacts to foods you’re used to. Nothing serious, just something worth knowing if you experience a similar shift.",3
14,B00Y8MP4G6,2025-10-03,Amazon,"Garden of Life Once Daily Dr. Formulated Probiotics for Women 50 Billion CFU 16 Probiotic Strains with Organic Prebiotics for Digestive, Vaginal & Immune Health, Dairy Free, Shelf Stable 30 Capsules",5.0,i love these!!! they keep my gut and immune system healthy. i’ve noticed that when i stop taking them i’m prone to colds and sinus infections,0
15,B00Y8MP4G6,2025-10-03,Amazon,"Garden of Life Once Daily Dr. Formulated Probiotics for Women 50 Billion CFU 16 Probiotic Strains with Organic Prebiotics for Digestive, Vaginal & Immune Health, Dairy Free, Shelf Stable 30 Capsules",4.0,"My gynecologist recommended this specific brand to prevent yeast infections and it seems to have worked for the most part. it's good for you overall as well, prevents leaky gut. They are a bit pricey but I think it's worth it, especially if you get yeast infections or have an autoimmune disease that can be worsened by leaky gut.",0
16,B00Y8MP4G6,2025-10-03,Amazon,"Garden of Life Once Daily Dr. Formulated Probiotics for Women 50 Billion CFU 16 Probiotic Strains with Organic Prebiotics for Digestive, Vaginal & Immune Health, Dairy Free, Shelf Stable 30 Capsules",5.0,I rarely give a product five stars BUT I did some research and this was the second best probiotic SO wtheck I bought some I was having really weird gut symptoms and nothing was helping and of course the drs were no help Ever since I started taking these the symptoms are almost gone I am so impressed with these I will stay on these forever Good buy,0
17,B00Y8MP4G6,2025-10-03,Amazon,"Garden of Life Once Daily Dr. Formulated Probiotics for Women 50 Billion CFU 16 Probiotic Strains with Organic Prebiotics for Digestive, Vaginal & Immune Health, Dairy Free, Shelf Stable 30 Capsules",5.0,I buy this product over and over again. Amazon has the best price and of course the fastest delivery!,0
18,B00Y8MP4G6,2025-10-03,Amazon,"Garden of Life Once Daily Dr. Formulated Probiotics for Women 50 Billion CFU 16 Probiotic Strains with Organic Prebiotics for Digestive, Vaginal & Immune Health, Dairy Free, Shelf Stable 30 Capsules",5.0,"I would recommend this product. The capsule is easy to swallow and I like that it doesn't need refrigeration. It fits well into my routine and I've noticed some positive effects on my digestion. Overall, a convenient and effective probiotic choice.",0
19,B00Y8MP4G6,2025-10-03,Amazon,"Garden of Life Once Daily Dr. Formulated Probiotics for Women 50 Billion CFU 16 Probiotic Strains with Organic Prebiotics for Digestive, Vaginal & Immune Health, Dairy Free, Shelf Stable 30 Capsules",5.0,"Excelente producto, tal cual como se ve en fotografías",0
20,B00Y8MP4G6,2025-10-03,Amazon,"Garden of Life Once Daily Dr. Formulated Probiotics for Women 50 Billion CFU 16 Probiotic Strains with Organic Prebiotics for Digestive, Vaginal & Immune Health, Dairy Free, Shelf Stable 30 Capsules",5.0,What a difference this made. I’m more confident walking and sitting around people and not worrying about a smell. And just once a day.,0
21,B00Y8MP4G6,2025-10-03,Amazon,"Garden of Life Once Daily Dr. Formulated Probiotics for Women 50 Billion CFU 16 Probiotic Strains with Organic Prebiotics for Digestive, Vaginal & Immune Health, Dairy Free, Shelf Stable 30 Capsules",5.0,"Very happy with Garden of Life Products, try to order all my vitamins and minerals through them.",0
22,B00Y8MP4G6,2025-10-03,Amazon,"Garden of Life Once Daily Dr. Formulated Probiotics for Women 50 Billion CFU 16 Probiotic Strains with Organic Prebiotics for Digestive, Vaginal & Immune Health, Dairy Free, Shelf Stable 30 Capsules",5.0,Really love this probiotics. I feel like I can tell the difference based on…odor. TMI but this eliminates any and al odor for me. I also feel like I have a BM right after I take it. That could be a coincidence but I will definitely be repurchasing these.,2
23,B00Y8MP4G6,2025-10-03,Amazon,"Garden of Life Once Daily Dr. Formulated Probiotics for Women 50 Billion CFU 16 Probiotic Strains with Organic Prebiotics for Digestive, Vaginal & Immune Health, Dairy Free, Shelf Stable 30 Capsules",5.0,Good enough for my health,0
24,B00Y8MP4G6,2025-10-03,Amazon,"Garden of Life Once Daily Dr. Formulated Probiotics for Women 50 Billion CFU 16 Probiotic Strains with Organic Prebiotics for Digestive, Vaginal & Immune Health, Dairy Free, Shelf Stable 30 Capsules",5.0,"The reason that I like this probiotic is because it's non-GMO and gluten free, which makes me feel safe. It supports my immune system and helps keep my body feeling good overall. The capsules are easy to take, and I trust the brand. Definitely a good addition to my daily health routine.",0
25,B00Y8MP4G6,2025-10-03,Amazon,"Garden of Life Once Daily Dr. Formulated Probiotics for Women 50 Billion CFU 16 Probiotic Strains with Organic Prebiotics for Digestive, Vaginal & Immune Health, Dairy Free, Shelf Stable 30 Capsules",4.0,Best set of probiotics,0
26,B00Y8MP4G6,2025-10-03,Amazon,"Garden of Life Once Daily Dr. Formulated Probiotics for Women 50 Billion CFU 16 Probiotic Strains with Organic Prebiotics for Digestive, Vaginal & Immune Health, Dairy Free, Shelf Stable 30 Capsules",5.0,"First, I'd like to say that I've been taking this daily for almost four years and love it! It's shelf stable, no gluten or soy, and has 16 diverse strains, which is great. I feel it supports my immune system well. Overall, a fantastic product I'd recommend to anyone looking for a reliable probiotic.",0
27,B00Y8MP4G6,2025-10-03,Amazon,"Garden of Life Once Daily Dr. Formulated Probiotics for Women 50 Billion CFU 16 Probiotic Strains with Organic Prebiotics for Digestive, Vaginal & Immune Health, Dairy Free, Shelf Stable 30 Capsules",5.0,llego en tiempo y forma comenzaré a tomarlas,0
28,B00Y8MP4G6,2025-10-03,Amazon,"Garden of Life Once Daily Dr. Formulated Probiotics for Women 50 Billion CFU 16 Probiotic Strains with Organic Prebiotics for Digestive, Vaginal & Immune Health, Dairy Free, Shelf Stable 30 Capsules",5.0,"I’ve been using the Garden of Life Once Daily Probiotics for Women for about five months now, and I can honestly say it’s made a real difference. I originally picked it because it has multiple strains, especially Lactobacillus reuteri, which I was already familiar with from my homemade yogurt (I ferment it for 36 hours). This supplement felt like the perfect way to add extra support.  What surprised me is how much it’s helped with things I didn’t even expect—like PMS symptoms and joint pain. My monthly cramps and mood swings have calmed down a lot, and my joints feel less stiff and achy, even after workouts or long days. I’ve also noticed I sleep better and recover faster after exercise, which I was really hoping for with L. reuteri.  For vaginal support, this probiotic includes good strains like Lactobacillus rhamnosus, L. reuteri, and L. acidophilus that help balance things out and prevent infections. The organic prebiotics in it also help the good bacteria grow. Since I started taking it, I haven’t had any problems with odor, discharge, or infections. I know everyone’s different and some might prefer other strains like L. crispatus or L. jensenii, but this probiotic has been reliable for me. It’s definitely worth trying if you want something that actually helps—just listen to how your body feels.  On top of that, I try to eat foods that support vaginal health, like yogurt, and other fermented foods for probiotics, plus prebiotic-rich foods like garlic, onions, and bananas to feed the good bacteria. Healthy fats from avocados, nuts, and seeds, along with plenty of veggies and fruits, also help keep things balanced.  It’s super convenient too—no need to refrigerate, and it’s dairy-free, which is great for me. Overall, this isn’t just a trendy health product that sounds good; it’s simple, clean, and really works. If you want support for digestion, immune health, vaginal health, and overall balance, this is definitely worth a try.",102
29,B00Y8MP4G6,2025-10-03,Amazon,"Garden of Life Once Daily Dr. Formulated Probiotics for Women 50 Billion CFU 16 Probiotic Strains with Organic Prebiotics for Digestive, Vaginal & Immune Health, Dairy Free, Shelf Stable 30 Capsules",5.0,This is a great probiotic. I have been using it for years and have recommended it to friends and family. It works. I highly recommend it!,0
30,B00Y8MP4G6,2025-10-03,Amazon,"Garden of Life Once Daily Dr. Formulated Probiotics for Women 50 Billion CFU 16 Probiotic Strains with Organic Prebiotics for Digestive, Vaginal & Immune Health, Dairy Free, Shelf Stable 30 Capsules",5.0,"After taking it daily, I've noticed improved digestion and less stomach discomfort. It also gives me peace of mind knowing that it's doctor-recommended. It's a supplement that provides confidence, comfort and real benefits for women's health.",0
31,B00Y8MP4G6,2025-10-03,Amazon,"Garden of Life Once Daily Dr. Formulated Probiotics for Women 50 Billion CFU 16 Probiotic Strains with Organic Prebiotics for Digestive, Vaginal & Immune Health, Dairy Free, Shelf Stable 30 Capsules",5.0,These are fabulous! Most all garden of life products are. These are easy to swallow,0
32,B00Y8MP4G6,2025-10-03,Amazon,"Garden of Life Once Daily Dr. Formulated Probiotics for Women 50 Billion CFU 16 Probiotic Strains with Organic Prebiotics for Digestive, Vaginal & Immune Health, Dairy Free, Shelf Stable 30 Capsules",5.0,This is the only probiotic I’ve ever used that I can actually feel is working. It immediately helped the bloating I’ve been experiencing and I feel so much better now that I’m taking it on a regular basis.,0
33,B00Y8MP4G6,2025-10-03,Amazon,"Garden of Life Once Daily Dr. Formulated Probiotics for Women 50 Billion CFU 16 Probiotic Strains with Organic Prebiotics for Digestive, Vaginal & Immune Health, Dairy Free, Shelf Stable 30 Capsules",5.0,"I am very pleased with this product. Since using it, I have experienced consistent results, my digestion feels more balanced and my movements are noticeably more regular and light on the stomach. I feel the difference in my overall comfort and well-being. Highly recommended.",3
34,B00Y8MP4G6,2025-10-03,Amazon,"Garden of Life Once Daily Dr. Formulated Probiotics for Women 50 Billion CFU 16 Probiotic Strains with Organic Prebiotics for Digestive, Vaginal & Immune Health, Dairy Free, Shelf Stable 30 Capsules",5.0,"I have been taken this probiotic daily for over a year and have really noticed a difference! It not only helps with managing my gut health, bloating, and puffiness, but I have also noticed a tremendous improvement in my immune system. I am not getting as sick as often as my coworkers anymore and seem to get over an illness quicker. I don’t go a day without this probiotic anymore!",2
35,B00Y8MP4G6,2025-10-03,Amazon,"Garden of Life Once Daily Dr. Formulated Probiotics for Women 50 Billion CFU 16 Probiotic Strains with Organic Prebiotics for Digestive, Vaginal & Immune Health, Dairy Free, Shelf Stable 30 Capsules",5.0,"I take these every day. I feel like they really help with my gut health. I noticed a big, uncomfortable difference when I didn't take them for a month. They are easy to swallow and don't taste bad. It's nice that you don't have to refrigerate them.",0
36,B00Y8MP4G6,2025-10-03,Amazon,"Garden of Life Once Daily Dr. Formulated Probiotics for Women 50 Billion CFU 16 Probiotic Strains with Organic Prebiotics for Digestive, Vaginal & Immune Health, Dairy Free, Shelf Stable 30 Capsules",5.0,"Lo que necesitamos las mujeres, para tener un buen probiotico, lo recomiendo, se me acaba y lo sigo comprando.",0
37,B00Y8MP4G6,2025-10-03,Amazon,"Garden of Life Once Daily Dr. Formulated Probiotics for Women 50 Billion CFU 16 Probiotic Strains with Organic Prebiotics for Digestive, Vaginal & Immune Health, Dairy Free, Shelf Stable 30 Capsules",5.0,I’ve been taking this for a little over a month and they have helped me tremendously,0
38,B00Y8MP4G6,2025-10-03,Amazon,"Garden of Life Once Daily Dr. Formulated Probiotics for Women 50 Billion CFU 16 Probiotic Strains with Organic Prebiotics for Digestive, Vaginal & Immune Health, Dairy Free, Shelf Stable 30 Capsules",4.0,"My co worker recommended. I had bad smell in my mouth however hard I brush my teeth. After taking this, mouth smell problem got fixed",3
39,B00Y8MP4G6,2025-10-03,Amazon,"Garden of Life Once Daily Dr. Formulated Probiotics for Women 50 Billion CFU 16 Probiotic Strains with Organic Prebiotics for Digestive, Vaginal & Immune Health, Dairy Free, Shelf Stable 30 Capsules",5.0,I’ve been using this probiotic once a day and it’s become a simple part of my routine.,0
40,B00Y8MP4G6,2025-10-03,Amazon,"Garden of Life Once Daily Dr. Formulated Probiotics for Women 50 Billion CFU 16 Probiotic Strains with Organic Prebiotics for Digestive, Vaginal & Immune Health, Dairy Free, Shelf Stable 30 Capsules",5.0,Excellent !! My wife feel very much comfortable after it has been taken,0
41,B00Y8MP4G6,2025-10-03,Amazon,"Garden of Life Once Daily Dr. Formulated Probiotics for Women 50 Billion CFU 16 Probiotic Strains with Organic Prebiotics for Digestive, Vaginal & Immune Health, Dairy Free, Shelf Stable 30 Capsules",5.0,Best probiotics! Very pricey but have no choice.,0
42,B00Y8MP4G6,2025-10-03,Amazon,"Garden of Life Once Daily Dr. Formulated Probiotics for Women 50 Billion CFU 16 Probiotic Strains with Organic Prebiotics for Digestive, Vaginal & Immune Health, Dairy Free, Shelf Stable 30 Capsules",5.0,Seemed to work well. I didn't notice a significant change from my previous brand. They were doctor rrecommended to me. There is nothing wrong with them. Still shopping around to find what's right for me.,0
43,B00Y8MP4G6,2025-10-03,Amazon,"Garden of Life Once Daily Dr. Formulated Probiotics for Women 50 Billion CFU 16 Probiotic Strains with Organic Prebiotics for Digestive, Vaginal & Immune Health, Dairy Free, Shelf Stable 30 Capsules",5.0,Quality probiotic. No yucky aftertaste. Feel good about the ingredients. Good price.,0
44,B00Y8MP4G6,2025-10-03,Amazon,"Garden of Life Once Daily Dr. Formulated Probiotics for Women 50 Billion CFU 16 Probiotic Strains with Organic Prebiotics for Digestive, Vaginal & Immune Health, Dairy Free, Shelf Stable 30 Capsules",5.0,Mil de mil las recomiendo un montón me ayudan ah controlar mi flora,0
45,B00Y8MP4G6,2025-10-03,Amazon,"Garden of Life Once Daily Dr. Formulated Probiotics for Women 50 Billion CFU 16 Probiotic Strains with Organic Prebiotics for Digestive, Vaginal & Immune Health, Dairy Free, Shelf Stable 30 Capsules",5.0,"I recommend this product for many reasons. Firstly, it has 16 diverse probiotic strains - amazing! It's doctor-formulated specifically for us women, which is a big plus. No worries about storage, either, as no refrigeration is needed. I love that it includes prebiotic fiber and comes in a convenient one-a-day capsule. And to top it all off, it's both Carbon Neutral and Vegetarian - perfect for the environmentally conscious. Great choice for promoting a healthier gut overall!",4
46,B00Y8MP4G6,2025-10-03,Amazon,"Garden of Life Once Daily Dr. Formulated Probiotics for Women 50 Billion CFU 16 Probiotic Strains with Organic Prebiotics for Digestive, Vaginal & Immune Health, Dairy Free, Shelf Stable 30 Capsules",4.0,Vitaminas que han recomendado muchas amigas a mi madre.,0
47,B00Y8MP4G6,2025-10-03,Amazon,"Garden of Life Once Daily Dr. Formulated Probiotics for Women 50 Billion CFU 16 Probiotic Strains with Organic Prebiotics for Digestive, Vaginal & Immune Health, Dairy Free, Shelf Stable 30 Capsules",5.0,I’ve been using this for years!! Absolutely love it!!,0
48,B00Y8MP4G6,2025-10-03,Amazon,"Garden of Life Once Daily Dr. Formulated Probiotics for Women 50 Billion CFU 16 Probiotic Strains with Organic Prebiotics for Digestive, Vaginal & Immune Health, Dairy Free, Shelf Stable 30 Capsules",5.0,"I've been very happy with this probiotic. It's non-GMO and shelf stable, which is great. Easy to swallow and includes 16 strains, supporting my digestion, vaginal health, and immunity. No dislikes so far, and I feel more balanced overall. Definitely a good addition to my daily routine.",2
49,B00Y8MP4G6,2025-10-03,Amazon,"Garden of Life Once Daily Dr. Formulated Probiotics for Women 50 Billion CFU 16 Probiotic Strains with Organic Prebiotics for Digestive, Vaginal & Immune Health, Dairy Free, Shelf Stable 30 Capsules",5.0,High quality product. I never miss taking it!,0
50,B00Y8MP4G6,2025-10-03,Amazon,"Garden of Life Once Daily Dr. Formulated Probiotics for Women 50 Billion CFU 16 Probiotic Strains with Organic Prebiotics for Digestive, Vaginal & Immune Health, Dairy Free, Shelf Stable 30 Capsules",5.0,Great prebiotic/probiotic for women's overall health. It helped with my digestion and gut health!,2
51,B07B8BSGPL,2025-10-03,Amazon,"Physician's CHOICE Probiotics for Women 50 Billion CFU - pH Balance, Digestive, Urinary Tract & Gut Health - 6 Diverse Strains with Organic Prebiotics + Cranberry Extract - Women Probiotic - 30 CT",5.0,Use these regularly and they are great! They are effective and keep me from getting sick as I travel globally frequently.,2
52,B07B8BSGPL,2025-10-03,Amazon,"Physician's CHOICE Probiotics for Women 50 Billion CFU - pH Balance, Digestive, Urinary Tract & Gut Health - 6 Diverse Strains with Organic Prebiotics + Cranberry Extract - Women Probiotic - 30 CT",5.0,"I’ve been using Physician’s Choice Probiotics for quite a while now, and they’ve truly become my go-to. I can tell a big difference in how I feel when I take them consistently versus when I miss a few days — everything just feels more balanced and regular.  What I appreciate most is that this formula isn’t just a generic probiotic. It’s specifically designed with women’s health in mind — the added cranberry extract and organic prebiotics give it an extra boost for urinary and feminine health support. Since I started taking these, I’ve noticed fewer digestive issues, more consistency, and overall better gut comfort.  Recently, I decided to pair them with the same brand’s digestive enzymes, and I highly recommend the combo. The probiotics keep everything balanced, while the enzymes really help with meal digestion. Together, they’ve made a noticeable difference in energy and daily comfort.  If you’re looking for a reliable, effective probiotic tailored for women, this one is absolutely worth it. I’ll definitely keep these stocked — I notice right away if I’m without them.",25
53,B07B8BSGPL,2025-10-03,Amazon,"Physician's CHOICE Probiotics for Women 50 Billion CFU - pH Balance, Digestive, Urinary Tract & Gut Health - 6 Diverse Strains with Organic Prebiotics + Cranberry Extract - Women Probiotic - 30 CT",5.0,"Love these probiotics. No bloating, regularity and no intestinal pain.",8
54,B07B8BSGPL,2025-10-03,Amazon,"Physician's CHOICE Probiotics for Women 50 Billion CFU - pH Balance, Digestive, Urinary Tract & Gut Health - 6 Diverse Strains with Organic Prebiotics + Cranberry Extract - Women Probiotic - 30 CT",5.0,"These are my go to probiotics. I’ve tried so many different brands and different ones trying to target many other things.. but these ones are good for my sensitive stomach, the price is very reasonable so i have no issue spending a little bit on them:) Highly recommend these their very effective and have helped me a lot with my gut health journey!",0
55,B07B8BSGPL,2025-10-03,Amazon,"Physician's CHOICE Probiotics for Women 50 Billion CFU - pH Balance, Digestive, Urinary Tract & Gut Health - 6 Diverse Strains with Organic Prebiotics + Cranberry Extract - Women Probiotic - 30 CT",4.0,"Do you know how important probiotics are? The gut is connected to the brain. Recent research has shown that a healthy gut leads to a healthy brain and a good night's sleep. Probiotics are essential for a healthy day. Also, taking them stimulates bowel movements. Constipation disappears, and you find yourself going to the bathroom at regular intervals. This improves your quality of life. By flushing out old waste, you can replenish your energy with a fresh new level. It's a vital cycle for health. It's a bit pricey, but the quality is so good I couldn't resist. There are plenty of cheaper options out there, though. I wish this one was a bit more affordable. The medicine bottle looks too big for the number of capsules inside. Please fill it up.  Its function is to promote healthy gut microbiota, helping you live a healthier life. As I mentioned earlier, give it a try. If you stick with it, you'll notice satisfying changes in your body. I won't keep it a secret that it helps with dieting. The four stars are taken off by one because of the high price.",16
56,B07B8BSGPL,2025-10-03,Amazon,"Physician's CHOICE Probiotics for Women 50 Billion CFU - pH Balance, Digestive, Urinary Tract & Gut Health - 6 Diverse Strains with Organic Prebiotics + Cranberry Extract - Women Probiotic - 30 CT",5.0,"Love this product. I purchased this because I am a Bariatric patient and needed something to help with maintaining a healthy gut alignment. The added benefit is not only am I addressing my GI tract but also my reproductive. One product, two body systems is a win in my book. Hence I now have a recurring subscription.",2
57,B07B8BSGPL,2025-10-03,Amazon,"Physician's CHOICE Probiotics for Women 50 Billion CFU - pH Balance, Digestive, Urinary Tract & Gut Health - 6 Diverse Strains with Organic Prebiotics + Cranberry Extract - Women Probiotic - 30 CT",5.0,"This seems to be a great product, fulfills its promises.",0
58,B07B8BSGPL,2025-10-03,Amazon,"Physician's CHOICE Probiotics for Women 50 Billion CFU - pH Balance, Digestive, Urinary Tract & Gut Health - 6 Diverse Strains with Organic Prebiotics + Cranberry Extract - Women Probiotic - 30 CT",5.0,These probiotics are wonderful. I do think they really help with digestion and my gut health. I have been taking them for a while. They are easy to take. They don’t have any weird taste or smells. I feel like I could definitely tell if I forget to take it.,3
59,B07B8BSGPL,2025-10-03,Amazon,"Physician's CHOICE Probiotics for Women 50 Billion CFU - pH Balance, Digestive, Urinary Tract & Gut Health - 6 Diverse Strains with Organic Prebiotics + Cranberry Extract - Women Probiotic - 30 CT",5.0,"Reseña: Llevo varias semanas tomando este suplemento de probióticos y prebióticos y he notado una gran mejora en mi digestión y en mi bienestar general. Me gusta que tenga 50 mil millones de CFU, diferentes cepas y que no necesite refrigeración. También es vegano y sin lácteos, algo muy importante para mí. Las cápsulas son fáciles de tragar y no me han causado molestias estomacales. En mi caso, siento menos hinchazón y mejor equilibrio intestinal. Sin duda lo recomiendo a mujeres que buscan cuidar su sistema digestivo e inmune de forma natural.",2
60,B07B8BSGPL,2025-10-03,Amazon,"Physician's CHOICE Probiotics for Women 50 Billion CFU - pH Balance, Digestive, Urinary Tract & Gut Health - 6 Diverse Strains with Organic Prebiotics + Cranberry Extract - Women Probiotic - 30 CT",5.0,"I thought probiotics doesn't do anything for me, but when I take a month break after years of taking one, my guts felt bloated and noticed negative effects. So I'm going to keep it this way and intake it everyday. I didn't know there's 60 days one, and I think it's much better value for money - if you decided to subscribe, maybe that'd be good for you.",2
61,B07B8BSGPL,2025-10-03,Amazon,"Physician's CHOICE Probiotics for Women 50 Billion CFU - pH Balance, Digestive, Urinary Tract & Gut Health - 6 Diverse Strains with Organic Prebiotics + Cranberry Extract - Women Probiotic - 30 CT",5.0,"Usually, every time I’m intimate, I not only bleed but I get a UTI. However, neither of these things have happened ever since I started these! It’s only approaching the third month, too. I also have to note the wonderful odor control and pH balancing. I will never, EVER stop using these! It’s a small price to pay for all of these benefits! Literally, it’s a pretty good price in my opinion.",2
62,B07B8BSGPL,2025-10-03,Amazon,"Physician's CHOICE Probiotics for Women 50 Billion CFU - pH Balance, Digestive, Urinary Tract & Gut Health - 6 Diverse Strains with Organic Prebiotics + Cranberry Extract - Women Probiotic - 30 CT",5.0,"empecé con este probiotico porque sufría de hinchazón frecuente, y después de usarlas unas semanas noté que mi digestión es más ligera y menos gases, Me gusta que no tiene sabor extraño y que no me causó molestias…la recomiendo",0
63,B07B8BSGPL,2025-10-03,Amazon,"Physician's CHOICE Probiotics for Women 50 Billion CFU - pH Balance, Digestive, Urinary Tract & Gut Health - 6 Diverse Strains with Organic Prebiotics + Cranberry Extract - Women Probiotic - 30 CT",5.0,"These are amazing! I was skeptical at first, but they debloated my tummy so quick. I used to not be able to wear ANYTHING remotely tight fitting on my stomach, because as soon as I ate anything I would bloat and have my stomach cut into. No jeans, no tights, no waist bands. Now I can wear whatever I want and won't be doubled over in pain, it is really a relief.",2
64,B07B8BSGPL,2025-10-03,Amazon,"Physician's CHOICE Probiotics for Women 50 Billion CFU - pH Balance, Digestive, Urinary Tract & Gut Health - 6 Diverse Strains with Organic Prebiotics + Cranberry Extract - Women Probiotic - 30 CT",4.0,"I haven’t been taking the probiotics very long, I would say approximately 3 weeks, and I’ve definitely noticed less bloating. So far great product. And, it’s affordable.",0
65,B07B8BSGPL,2025-10-03,Amazon,"Physician's CHOICE Probiotics for Women 50 Billion CFU - pH Balance, Digestive, Urinary Tract & Gut Health - 6 Diverse Strains with Organic Prebiotics + Cranberry Extract - Women Probiotic - 30 CT",4.0,Inicie a consumir el orne ha resultado muy positivo hasta ahora  Gracias,0
66,B07B8BSGPL,2025-10-03,Amazon,"Physician's CHOICE Probiotics for Women 50 Billion CFU - pH Balance, Digestive, Urinary Tract & Gut Health - 6 Diverse Strains with Organic Prebiotics + Cranberry Extract - Women Probiotic - 30 CT",5.0,I’ve been taking this brand of probiotics for years. It has helped my overall gut health tremendously and I plan to keep taking it daily indefinitely. Highly recommend.,0
67,B07B8BSGPL,2025-10-03,Amazon,"Physician's CHOICE Probiotics for Women 50 Billion CFU - pH Balance, Digestive, Urinary Tract & Gut Health - 6 Diverse Strains with Organic Prebiotics + Cranberry Extract - Women Probiotic - 30 CT",5.0,"I love these! Once a day and after like 3-4 days I’m regular again! I’ve struggled with constipation for months and these did the trick! It’s been almost a month and they did not cause any stomach upset. I take it first thing in the morning with water before I eat anything. Easy to swallow, and only once a day. I will be purchasing again.",3
68,B07B8BSGPL,2025-10-03,Amazon,"Physician's CHOICE Probiotics for Women 50 Billion CFU - pH Balance, Digestive, Urinary Tract & Gut Health - 6 Diverse Strains with Organic Prebiotics + Cranberry Extract - Women Probiotic - 30 CT",5.0,These work great!!! Very easy to swallow doesnt leave any type of taste in your mouth good price,0
69,B07B8BSGPL,2025-10-03,Amazon,"Physician's CHOICE Probiotics for Women 50 Billion CFU - pH Balance, Digestive, Urinary Tract & Gut Health - 6 Diverse Strains with Organic Prebiotics + Cranberry Extract - Women Probiotic - 30 CT",5.0,"I have had stomach issues for years, always feeling bloated after eating anything, and no consistency in the bathroom. I have been taking this for 1.5 weeks now and I have not felt this good and had this much regular movements in forever. I will definitely continue to get this!",2
70,B07B8BSGPL,2025-10-03,Amazon,"Physician's CHOICE Probiotics for Women 50 Billion CFU - pH Balance, Digestive, Urinary Tract & Gut Health - 6 Diverse Strains with Organic Prebiotics + Cranberry Extract - Women Probiotic - 30 CT",5.0,"I've been taking this for some time now, over a year. I started taking it because of a UTI. Since then I have not had a UTI or a yeast infection and I am very regular. I take one a day every day.",2
71,B07B8BSGPL,2025-10-03,Amazon,"Physician's CHOICE Probiotics for Women 50 Billion CFU - pH Balance, Digestive, Urinary Tract & Gut Health - 6 Diverse Strains with Organic Prebiotics + Cranberry Extract - Women Probiotic - 30 CT",5.0,"After a week of taking these, I have already noticed a difference!",0
72,B07B8BSGPL,2025-10-03,Amazon,"Physician's CHOICE Probiotics for Women 50 Billion CFU - pH Balance, Digestive, Urinary Tract & Gut Health - 6 Diverse Strains with Organic Prebiotics + Cranberry Extract - Women Probiotic - 30 CT",5.0,"I love it, I can't miss it in my daily life",0
73,B07B8BSGPL,2025-10-03,Amazon,"Physician's CHOICE Probiotics for Women 50 Billion CFU - pH Balance, Digestive, Urinary Tract & Gut Health - 6 Diverse Strains with Organic Prebiotics + Cranberry Extract - Women Probiotic - 30 CT",5.0,"Excelente para reconstruir la flora vaginal, por ejemplo para la candidiasis vaginal",0
74,B07B8BSGPL,2025-10-03,Amazon,"Physician's CHOICE Probiotics for Women 50 Billion CFU - pH Balance, Digestive, Urinary Tract & Gut Health - 6 Diverse Strains with Organic Prebiotics + Cranberry Extract - Women Probiotic - 30 CT",5.0,"I’ve been taking these probiotics for a few weeks and I can really feel the difference. My digestion feels more balanced, I have less bloating, and I notice a boost in my overall wellness. They’re easy to swallow and gentle on the stomach. I’m happy I found a probiotic that actually works for me!",6
75,B07B8BSGPL,2025-10-03,Amazon,"Physician's CHOICE Probiotics for Women 50 Billion CFU - pH Balance, Digestive, Urinary Tract & Gut Health - 6 Diverse Strains with Organic Prebiotics + Cranberry Extract - Women Probiotic - 30 CT",5.0,I used this for years and I really like it.,0
76,B07B8BSGPL,2025-10-03,Amazon,"Physician's CHOICE Probiotics for Women 50 Billion CFU - pH Balance, Digestive, Urinary Tract & Gut Health - 6 Diverse Strains with Organic Prebiotics + Cranberry Extract - Women Probiotic - 30 CT",4.0,I have seen a few others mention this now that I scroll on the reviews but saw no response. Just curious on the different colors. The dark one is from my previous order and had an expiration of March 2027. The lighter color is what I just received and the dose on it is July 2026. So looks like the older dates are not being released first for some reason. Can someone explain the color differences ??,9
77,B07B8BSGPL,2025-10-03,Amazon,"Physician's CHOICE Probiotics for Women 50 Billion CFU - pH Balance, Digestive, Urinary Tract & Gut Health - 6 Diverse Strains with Organic Prebiotics + Cranberry Extract - Women Probiotic - 30 CT",4.0,"I went on vacation this past week, stopped taking my probiotic, really noticed a difference in how I felt. Great product!",0
78,B07B8BSGPL,2025-10-03,Amazon,"Physician's CHOICE Probiotics for Women 50 Billion CFU - pH Balance, Digestive, Urinary Tract & Gut Health - 6 Diverse Strains with Organic Prebiotics + Cranberry Extract - Women Probiotic - 30 CT",5.0,This product has helped me become regular and feel better. I also have not had a urinary tract infection in over a year. I am over 70 y.o.,8
79,B07B8BSGPL,2025-10-03,Amazon,"Physician's CHOICE Probiotics for Women 50 Billion CFU - pH Balance, Digestive, Urinary Tract & Gut Health - 6 Diverse Strains with Organic Prebiotics + Cranberry Extract - Women Probiotic - 30 CT",5.0,This has been the best probiotics that I have tried.,0
80,B07B8BSGPL,2025-10-03,Amazon,"Physician's CHOICE Probiotics for Women 50 Billion CFU - pH Balance, Digestive, Urinary Tract & Gut Health - 6 Diverse Strains with Organic Prebiotics + Cranberry Extract - Women Probiotic - 30 CT",5.0,"Me encanta, llevo mas de 6 meses usándolo",0
81,B07B8BSGPL,2025-10-03,Amazon,"Physician's CHOICE Probiotics for Women 50 Billion CFU - pH Balance, Digestive, Urinary Tract & Gut Health - 6 Diverse Strains with Organic Prebiotics + Cranberry Extract - Women Probiotic - 30 CT",5.0,"Great product, I really depend on it",0
82,B07B8BSGPL,2025-10-03,Amazon,"Physician's CHOICE Probiotics for Women 50 Billion CFU - pH Balance, Digestive, Urinary Tract & Gut Health - 6 Diverse Strains with Organic Prebiotics + Cranberry Extract - Women Probiotic - 30 CT",5.0,Works as stated…helpful digestive regulator.,0
83,B07B8BSGPL,2025-10-03,Amazon,"Physician's CHOICE Probiotics for Women 50 Billion CFU - pH Balance, Digestive, Urinary Tract & Gut Health - 6 Diverse Strains with Organic Prebiotics + Cranberry Extract - Women Probiotic - 30 CT",5.0,These are great vitamins.,0
84,B07B8BSGPL,2025-10-03,Amazon,"Physician's CHOICE Probiotics for Women 50 Billion CFU - pH Balance, Digestive, Urinary Tract & Gut Health - 6 Diverse Strains with Organic Prebiotics + Cranberry Extract - Women Probiotic - 30 CT",5.0,Love it,0
85,B07B8BSGPL,2025-10-03,Amazon,"Physician's CHOICE Probiotics for Women 50 Billion CFU - pH Balance, Digestive, Urinary Tract & Gut Health - 6 Diverse Strains with Organic Prebiotics + Cranberry Extract - Women Probiotic - 30 CT",5.0,Yes their very good for you,0
86,B07B8BSGPL,2025-10-03,Amazon,"Physician's CHOICE Probiotics for Women 50 Billion CFU - pH Balance, Digestive, Urinary Tract & Gut Health - 6 Diverse Strains with Organic Prebiotics + Cranberry Extract - Women Probiotic - 30 CT",5.0,Love them! Will never stop taking them.,0
87,B07B8BSGPL,2025-10-03,Amazon,"Physician's CHOICE Probiotics for Women 50 Billion CFU - pH Balance, Digestive, Urinary Tract & Gut Health - 6 Diverse Strains with Organic Prebiotics + Cranberry Extract - Women Probiotic - 30 CT",5.0,Love this product works great.,0
88,B07B8BSGPL,2025-10-03,Amazon,"Physician's CHOICE Probiotics for Women 50 Billion CFU - pH Balance, Digestive, Urinary Tract & Gut Health - 6 Diverse Strains with Organic Prebiotics + Cranberry Extract - Women Probiotic - 30 CT",5.0,Let be this supplement! I’ve been using it for YEARS! Get it!💖,0
89,B07B8BSGPL,2025-10-03,Amazon,"Physician's CHOICE Probiotics for Women 50 Billion CFU - pH Balance, Digestive, Urinary Tract & Gut Health - 6 Diverse Strains with Organic Prebiotics + Cranberry Extract - Women Probiotic - 30 CT",5.0,"I bought this to try out instead of buying the Seed prebiotic/probiotic. When using it for a while, you start to see your body change and going regular to the bathroom without difficulty or discomfort. I already ordered my second jar and can’t wait to continue to use this.",2
90,B07B8BSGPL,2025-10-03,Amazon,"Physician's CHOICE Probiotics for Women 50 Billion CFU - pH Balance, Digestive, Urinary Tract & Gut Health - 6 Diverse Strains with Organic Prebiotics + Cranberry Extract - Women Probiotic - 30 CT",5.0,I've been taking these for years and they've worked well.,0
91,B07B8BSGPL,2025-10-03,Amazon,"Physician's CHOICE Probiotics for Women 50 Billion CFU - pH Balance, Digestive, Urinary Tract & Gut Health - 6 Diverse Strains with Organic Prebiotics + Cranberry Extract - Women Probiotic - 30 CT",5.0,It's was good enough for my vagina,0
92,B07B8BSGPL,2025-10-03,Amazon,"Physician's CHOICE Probiotics for Women 50 Billion CFU - pH Balance, Digestive, Urinary Tract & Gut Health - 6 Diverse Strains with Organic Prebiotics + Cranberry Extract - Women Probiotic - 30 CT",5.0,"I’ve dealt with stomach issues for YEARS. I have flare ups, then things go dormant, then the cycle repeats. Two months ago I was on one of my worst cycles and decided to start taking probiotics. I chose this one because of the reviews. Within a week of taking these, I’ve noticed less irritation, less upset stomach episodes, more regular bathroom usage and just more comfort in my stomach. I highly recommend.",3
93,B07B8BSGPL,2025-10-03,Amazon,"Physician's CHOICE Probiotics for Women 50 Billion CFU - pH Balance, Digestive, Urinary Tract & Gut Health - 6 Diverse Strains with Organic Prebiotics + Cranberry Extract - Women Probiotic - 30 CT",5.0,I have taken 1 a day for about 6 months My Dr said I would benefit from a probiotic with cranberry in it because it helps prevent UTI’s So Far it has so I will continue to take them.,2
94,B07B8BSGPL,2025-10-03,Amazon,"Physician's CHOICE Probiotics for Women 50 Billion CFU - pH Balance, Digestive, Urinary Tract & Gut Health - 6 Diverse Strains with Organic Prebiotics + Cranberry Extract - Women Probiotic - 30 CT",5.0,Keep this in stock at my house. My husband now takes the men's formula.,0
95,B07B8BSGPL,2025-10-03,Amazon,"Physician's CHOICE Probiotics for Women 50 Billion CFU - pH Balance, Digestive, Urinary Tract & Gut Health - 6 Diverse Strains with Organic Prebiotics + Cranberry Extract - Women Probiotic - 30 CT",5.0,Good,0
96,B07B8BSGPL,2025-10-03,Amazon,"Physician's CHOICE Probiotics for Women 50 Billion CFU - pH Balance, Digestive, Urinary Tract & Gut Health - 6 Diverse Strains with Organic Prebiotics + Cranberry Extract - Women Probiotic - 30 CT",5.0,I am pleased with this product as it has helped with a lot of stomach issues I have.,0
97,B07B8BSGPL,2025-10-03,Amazon,"Physician's CHOICE Probiotics for Women 50 Billion CFU - pH Balance, Digestive, Urinary Tract & Gut Health - 6 Diverse Strains with Organic Prebiotics + Cranberry Extract - Women Probiotic - 30 CT",5.0,This works well with no side effects.,0
98,B07B8BSGPL,2025-10-03,Amazon,"Physician's CHOICE Probiotics for Women 50 Billion CFU - pH Balance, Digestive, Urinary Tract & Gut Health - 6 Diverse Strains with Organic Prebiotics + Cranberry Extract - Women Probiotic - 30 CT",5.0,No more bloating and no problems with bowels :),0
99,B07B8BSGPL,2025-10-03,Amazon,"Physician's CHOICE Probiotics for Women 50 Billion CFU - pH Balance, Digestive, Urinary Tract & Gut Health - 6 Diverse Strains with Organic Prebiotics + Cranberry Extract - Women Probiotic - 30 CT",5.0,It had changed my gut health,0
100,B07B8BSGPL,2025-10-03,Amazon,"Physician's CHOICE Probiotics for Women 50 Billion CFU - pH Balance, Digestive, Urinary Tract & Gut Health - 6 Diverse Strains with Organic Prebiotics + Cranberry Extract - Women Probiotic - 30 CT",5.0,Todo bien hasta ahora En un mes paso por aquí para poder demostrar si fue efectivo,0
101,B000NPYY04,2025-10-03,Amazon,"Nature's Bounty Fish Oil Omega 3 Supplements - Supports Heart Health, 1200 Mg Fish Oil, Omega-3, 200 Softgels (Pack of 1)",5.0,"I've been taking fish oil supplements for years. I recently purchased Nature's Bounty Fish Oil for a few weeks now and I'm genuinely impressed. The softgels are easy to swallow, and best of all — no fishy aftertaste or burps like I’ve experienced with other brands. I appreciate that each serving packs a solid amount of Omega-3s to support heart health, and the 200-count bottle is a great value for the price.  I feel more energetic overall, and I like knowing I'm doing something good for my cardiovascular health. Plus, it's a trusted brand with consistent quality. Highly recommend if you're looking for a reliable, affordable fish oil supplement!",25
102,B000NPYY04,2025-10-03,Amazon,"Nature's Bounty Fish Oil Omega 3 Supplements - Supports Heart Health, 1200 Mg Fish Oil, Omega-3, 200 Softgels (Pack of 1)",5.0,"Heart Health Made Easy with a Trusted Omega-3  I’ve been taking omega-3 supplements for years, and this one from Nature’s Bounty is a standout. The softgels are smooth and easy to swallow despite their larger size, and I’ve noticed no aftertaste or fishy burps, which is often an issue with other brands. Each serving packs a good balance of EPA and DHA, and at 1200 mg per softgel, it feels like I’m getting solid heart-health support without having to take a handful of pills.  What I like most is the value: 200 softgels in a single bottle is generous, and taken daily, it lasts quite a while. The quality feels reliable, and I appreciate that Nature’s Bounty is a brand I’ve trusted for other vitamins too.  If I had to point out something to keep in mind, it’s that the capsules are on the larger side, so if you have trouble with swallowing pills, you might need to take them with a full glass of water.  Bottom line: A dependable, high-quality fish oil supplement that delivers omega-3s in an easy-to-take, value-packed form—great for anyone looking to support heart health with confidence.",7
103,B000NPYY04,2025-10-03,Amazon,"Nature's Bounty Fish Oil Omega 3 Supplements - Supports Heart Health, 1200 Mg Fish Oil, Omega-3, 200 Softgels (Pack of 1)",5.0,"I’ve been taking these fish oil softgels daily and they’ve been great so far. The capsules are easy to swallow and don’t have a strong fishy smell or aftertaste, which is a big plus compared to other brands I’ve tried.  They provide a good dose of Omega-3 (360 mg per serving), and I’ve noticed a difference in my joint comfort and overall energy. I also feel better knowing they support heart and brain health.  Great value for 200 softgels — this bottle will last a long time. Definitely recommend if you’re looking for a quality fish oil supplement.",15
104,B000NPYY04,2025-10-03,Amazon,"Nature's Bounty Fish Oil Omega 3 Supplements - Supports Heart Health, 1200 Mg Fish Oil, Omega-3, 200 Softgels (Pack of 1)",4.0,"These are quality fish oil supplements. The coating on the capsules and the shape make them easy to swallow. I gag and choke on smaller supplements that have different shapes and coatings. I am sensitive to pill capsules, but these cause no stomach discomfort at all. They taste neutral and they never cause any fishy taste even though I am prone to heartburn. I take these in the hopes that they will benefit my arthritic joints. I can't say for certain that they provide pain relief as I have not performed a controlled experiment.",3
105,B000NPYY04,2025-10-03,Amazon,"Nature's Bounty Fish Oil Omega 3 Supplements - Supports Heart Health, 1200 Mg Fish Oil, Omega-3, 200 Softgels (Pack of 1)",5.0,"An economical and reliable option for daily omega-3s, ideal for beginners; recommended for a balanced diet.",0
106,B000NPYY04,2025-10-03,Amazon,"Nature's Bounty Fish Oil Omega 3 Supplements - Supports Heart Health, 1200 Mg Fish Oil, Omega-3, 200 Softgels (Pack of 1)",5.0,"This is my go to brand for fish oil. I’m not much of a believer in supplements. My health and/or bloodwork changes even the slightest bit whether I take them or not….except when it comes to fish oil. It noticeably dropped my ldl numbers pretty much immediately and has kept me off of medication for high cholesterol. It’s one of the few medically proven supplements to do anything. This brand gives me my fill and doesn’t break the bank. I’ve been using it for years and not only are there no ill effects, my bloodwork shows quite the contrary.",9
107,B000NPYY04,2025-10-03,Amazon,"Nature's Bounty Fish Oil Omega 3 Supplements - Supports Heart Health, 1200 Mg Fish Oil, Omega-3, 200 Softgels (Pack of 1)",5.0,"Effective product ,no stomach upset , tastes good, good nutritions, help your sleep",4
108,B000NPYY04,2025-10-03,Amazon,"Nature's Bounty Fish Oil Omega 3 Supplements - Supports Heart Health, 1200 Mg Fish Oil, Omega-3, 200 Softgels (Pack of 1)",5.0,"Excellent! I ordered this for cognitive purposes. I can’t yet say it has helped yet, as it’s only been a couple months BUT my inflammation has drastically decreased. I used to be in pain stretching out of a position that I was in too long - i now rarely feel that type of pain. My legs don’t ache and my arms don’t tire as easily. The pills do not have a fishy smell, taste, or cause fishy burps.  Note: The directions say to take 3xs a day but I only take one in the morning and one at night.  Cons: the pill is HUGE. I have to mentally prepare myself when it’s time to take these as i already have trouble swallowing pills. You can do it. Just know before you buy them that they are large.",13
109,B000NPYY04,2025-10-03,Amazon,"Nature's Bounty Fish Oil Omega 3 Supplements - Supports Heart Health, 1200 Mg Fish Oil, Omega-3, 200 Softgels (Pack of 1)",5.0,"My doctor suggested I start taking Fish Oil and Vitamin D3 for my health. I could have gone to GNC but when you are online already, I tend to go to Amazon first, then secondly drive to a store.",0
110,B000NPYY04,2025-10-03,Amazon,"Nature's Bounty Fish Oil Omega 3 Supplements - Supports Heart Health, 1200 Mg Fish Oil, Omega-3, 200 Softgels (Pack of 1)",5.0,"FIsh oil is part of my daily vitamin regimen, but being able to find in retail stores has proven challenging. Amazon helped provide the exact item I needed in a far large size than I expected without compromising on quality and effectiveness. Because of this item. I won't have to purhcase the item as often, which is a help to my household budget",0
111,B000NPYY04,2025-10-03,Amazon,"Nature's Bounty Fish Oil Omega 3 Supplements - Supports Heart Health, 1200 Mg Fish Oil, Omega-3, 200 Softgels (Pack of 1)",5.0,"I loved this product and I used it and brought many times, but now I had no choice but to switch my source from Amazon to nearby drug store, because I found out. Nature Bounty sourcing other counties as well ie Peru. Nothing against Peru, but the product from Peru is different than made in USA. The fish oil made in USA, it has a star( * ) on the back side label and the capsule's color is clear and taste like a fish oil when the ones made in Peru isn't, plus it tasted bitter. Since on Amazon I couldn't choose the country of origin, I ended up to go to the drug store nearby. I have to check the bottle one by one to make sure I buy the ones with "" * Made in The USA with the selected ingredients from around the world"" in the back side label. I wish Amazon allow us to choose the product by country of origin in this case the requirement and standard obviously are different.",4
112,B000NPYY04,2025-10-03,Amazon,"Nature's Bounty Fish Oil Omega 3 Supplements - Supports Heart Health, 1200 Mg Fish Oil, Omega-3, 200 Softgels (Pack of 1)",5.0,"I love these. They don't smell strong, they do not leave an after taste, they are easy to swallow, and it's a great value for the money.",0
113,B000NPYY04,2025-10-03,Amazon,"Nature's Bounty Fish Oil Omega 3 Supplements - Supports Heart Health, 1200 Mg Fish Oil, Omega-3, 200 Softgels (Pack of 1)",5.0,"I swallowed 2 in the morning on an empty stomach. I ate some waffles 45 minutes later and when I burped there was a strange fishy smell to the air. Oh well, I think they even mention to eat with food, this is probably why.  I just started taking these. Any health benefits to me will be all relative to anyone else. Omega 3 has been clinically proven, so if I don't notice anything from these then it's at no fault of the supplement.",0
114,B000NPYY04,2025-10-03,Amazon,"Nature's Bounty Fish Oil Omega 3 Supplements - Supports Heart Health, 1200 Mg Fish Oil, Omega-3, 200 Softgels (Pack of 1)",5.0,"He probado varias marcas de omega-3, pero esta definitivamente se ha convertido en mi favorita. Las cápsulas son fáciles de tomar y, lo más importante para mí, no dejan ese sabor a pescado tan desagradable que suelen tener otros suplementos.  Me gusta que cada cápsula trae una buena dosis de omega-3, y desde que lo tomo me siento con más energía y enfoco mejor mis actividades diarias. Además, ayuda bastante con la circulación y el bienestar general, especialmente si uno no consume mucho pescado durante la semana.  Otro punto a favor es que el frasco trae 200 cápsulas, así que dura bastante tiempo y no tengo que estar comprando seguido. También lo están tomando mis padres y les ha caído muy bien.  En resumen, es un producto confiable, cómodo de usar y con resultados que realmente se notan. Muy recomendado.",0
115,B000NPYY04,2025-10-03,Amazon,"Nature's Bounty Fish Oil Omega 3 Supplements - Supports Heart Health, 1200 Mg Fish Oil, Omega-3, 200 Softgels (Pack of 1)",5.0,"I like that this fish oil has less of a fishy smell compared to others. My LDL was slightly high, but after taking this along with exercise and diet, it has gone down.",0
116,B000NPYY04,2025-10-03,Amazon,"Nature's Bounty Fish Oil Omega 3 Supplements - Supports Heart Health, 1200 Mg Fish Oil, Omega-3, 200 Softgels (Pack of 1)",5.0,I’ve been taking this for years. It keeps me young and beautiful! HAHAHA,0
117,B000NPYY04,2025-10-03,Amazon,"Nature's Bounty Fish Oil Omega 3 Supplements - Supports Heart Health, 1200 Mg Fish Oil, Omega-3, 200 Softgels (Pack of 1)",5.0,Siempre está dentro de mi supplements la verdad que es trae muchas capsules,0
118,B000NPYY04,2025-10-03,Amazon,"Nature's Bounty Fish Oil Omega 3 Supplements - Supports Heart Health, 1200 Mg Fish Oil, Omega-3, 200 Softgels (Pack of 1)",5.0,"Loved the item, Little bit of information fish oil helps with if you are feeling sad or depressed as a major mood booster assistance . I use it everyday. Will be buying this item again awesome benefits",0
119,B000NPYY04,2025-10-03,Amazon,"Nature's Bounty Fish Oil Omega 3 Supplements - Supports Heart Health, 1200 Mg Fish Oil, Omega-3, 200 Softgels (Pack of 1)",5.0,Like the Nature's Bounty Fish Oil. Does what my doctor wants it to do for me.,0
120,B000NPYY04,2025-10-03,Amazon,"Nature's Bounty Fish Oil Omega 3 Supplements - Supports Heart Health, 1200 Mg Fish Oil, Omega-3, 200 Softgels (Pack of 1)",5.0,We'll see. My triglycerides were a little high so I decided to start taking these again. I'm hopeful that they will help me get back on track. No bad taste and haven't noticed a smell. I feel they're a little big. They come from a good brand. No issues with digestion.,0
121,B000NPYY04,2025-10-03,Amazon,"Nature's Bounty Fish Oil Omega 3 Supplements - Supports Heart Health, 1200 Mg Fish Oil, Omega-3, 200 Softgels (Pack of 1)",5.0,Got for the dogs. I assume they are good,0
122,B000NPYY04,2025-10-03,Amazon,"Nature's Bounty Fish Oil Omega 3 Supplements - Supports Heart Health, 1200 Mg Fish Oil, Omega-3, 200 Softgels (Pack of 1)",5.0,"Have always trusted Nature’s. Bounty supplements. Their Omega-3 fish oil is the best I’ve tried. There is no taste when taking them and no aftertaste. Some other brands of fish oil cause unpleasant burps for a while after swallowing, but Nature’s Bounty has never caused that for me. Would highly recommend this supplement.",0
123,B000NPYY04,2025-10-03,Amazon,"Nature's Bounty Fish Oil Omega 3 Supplements - Supports Heart Health, 1200 Mg Fish Oil, Omega-3, 200 Softgels (Pack of 1)",5.0,"Cumple con la imagen a la hora de comprar, buena presentación.",0
124,B000NPYY04,2025-10-03,Amazon,"Nature's Bounty Fish Oil Omega 3 Supplements - Supports Heart Health, 1200 Mg Fish Oil, Omega-3, 200 Softgels (Pack of 1)",5.0,Perfect thank you,0
125,B000NPYY04,2025-10-03,Amazon,"Nature's Bounty Fish Oil Omega 3 Supplements - Supports Heart Health, 1200 Mg Fish Oil, Omega-3, 200 Softgels (Pack of 1)",5.0,"He estado tomando el Aceite de Pescado Nature’s Bounty durante un mes y realmente he notado la diferencia. Me siento con más energía y menos rigidez en las articulaciones. La cápsula es fácil de tragar y no deja ese sabor desagradable de pescado que otros suplementos tienen. Además, el envase llegó bien sellado y con toda la información clara. Me gusta que sea un producto de una marca reconocida con ingredientes de alta calidad. Lo recomiendo totalmente para quienes buscan un suplemento confiable para la salud cardiovascular y articular.",0
126,B000NPYY04,2025-10-03,Amazon,"Nature's Bounty Fish Oil Omega 3 Supplements - Supports Heart Health, 1200 Mg Fish Oil, Omega-3, 200 Softgels (Pack of 1)",5.0,Been using for years!,0
127,B000NPYY04,2025-10-03,Amazon,"Nature's Bounty Fish Oil Omega 3 Supplements - Supports Heart Health, 1200 Mg Fish Oil, Omega-3, 200 Softgels (Pack of 1)",5.0,Definitely value for money and great product,0
128,B000NPYY04,2025-10-03,Amazon,"Nature's Bounty Fish Oil Omega 3 Supplements - Supports Heart Health, 1200 Mg Fish Oil, Omega-3, 200 Softgels (Pack of 1)",5.0,Good,0
129,B000NPYY04,2025-10-03,Amazon,"Nature's Bounty Fish Oil Omega 3 Supplements - Supports Heart Health, 1200 Mg Fish Oil, Omega-3, 200 Softgels (Pack of 1)",5.0,Satisfied with the product. I like its quality. I liked the fast shipping.,0
130,B000NPYY04,2025-10-03,Amazon,"Nature's Bounty Fish Oil Omega 3 Supplements - Supports Heart Health, 1200 Mg Fish Oil, Omega-3, 200 Softgels (Pack of 1)",4.0,Using as a dog supplement for coat. Not sure it’s helping,0
131,B000NPYY04,2025-10-03,Amazon,"Nature's Bounty Fish Oil Omega 3 Supplements - Supports Heart Health, 1200 Mg Fish Oil, Omega-3, 200 Softgels (Pack of 1)",5.0,Great value! Great for our dog too!,0
132,B000NPYY04,2025-10-03,Amazon,"Nature's Bounty Fish Oil Omega 3 Supplements - Supports Heart Health, 1200 Mg Fish Oil, Omega-3, 200 Softgels (Pack of 1)",5.0,Excellent,0
133,B000NPYY04,2025-10-03,Amazon,"Nature's Bounty Fish Oil Omega 3 Supplements - Supports Heart Health, 1200 Mg Fish Oil, Omega-3, 200 Softgels (Pack of 1)",5.0,"Very good, good value",0
134,B000NPYY04,2025-10-03,Amazon,"Nature's Bounty Fish Oil Omega 3 Supplements - Supports Heart Health, 1200 Mg Fish Oil, Omega-3, 200 Softgels (Pack of 1)",5.0,Este producto me encantó me quita la ansiedad de comer y me ha ayudado con mi colesterol cuando tengo el colesterol alto siento mucha fatiga de que me lo comencé a tomar me siento mucho mejor,2
135,B000NPYY04,2025-10-03,Amazon,"Nature's Bounty Fish Oil Omega 3 Supplements - Supports Heart Health, 1200 Mg Fish Oil, Omega-3, 200 Softgels (Pack of 1)",5.0,Son súper buenas,0
136,B000NPYY04,2025-10-03,Amazon,"Nature's Bounty Fish Oil Omega 3 Supplements - Supports Heart Health, 1200 Mg Fish Oil, Omega-3, 200 Softgels (Pack of 1)",5.0,"Good Value. I've been taking this exact product for many years and with extensive research, have found this to be the best",2
137,B000NPYY04,2025-10-03,Amazon,"Nature's Bounty Fish Oil Omega 3 Supplements - Supports Heart Health, 1200 Mg Fish Oil, Omega-3, 200 Softgels (Pack of 1)",5.0,Ok,0
138,B000NPYY04,2025-10-03,Amazon,"Nature's Bounty Fish Oil Omega 3 Supplements - Supports Heart Health, 1200 Mg Fish Oil, Omega-3, 200 Softgels (Pack of 1)",5.0,👍,0
139,B000NPYY04,2025-10-03,Amazon,"Nature's Bounty Fish Oil Omega 3 Supplements - Supports Heart Health, 1200 Mg Fish Oil, Omega-3, 200 Softgels (Pack of 1)",5.0,"My boyfriend has been battling with dandruff for years and after falling down a Google rabbit hole, he read that fish oil might help. Ever since he started taking these, he SWEARS it has made a huge difference! He ran out once and didn't take them for a while and his flakes came back so now he takes them religiously! We always grab them on Amazon because somehow they're way cheaper than what we've seen in stores (and they seem to always be on sale on Amazon!?). They've never arrived damaged or melted even when delivered to his house which basically feels like an oven half of the year. Also, big bonus, my boyfriend doesn't get fishy burps from these!",8
140,B000NPYY04,2025-10-03,Amazon,"Nature's Bounty Fish Oil Omega 3 Supplements - Supports Heart Health, 1200 Mg Fish Oil, Omega-3, 200 Softgels (Pack of 1)",5.0,"My doctor prescribed this fish oil gel for me to take for my heart and so far so good Their softgels, easy to swallow and have no odor and very reasonably priced",4
141,B000NPYY04,2025-10-03,Amazon,"Nature's Bounty Fish Oil Omega 3 Supplements - Supports Heart Health, 1200 Mg Fish Oil, Omega-3, 200 Softgels (Pack of 1)",4.0,Buen libro,0
142,B000NPYY04,2025-10-03,Amazon,"Nature's Bounty Fish Oil Omega 3 Supplements - Supports Heart Health, 1200 Mg Fish Oil, Omega-3, 200 Softgels (Pack of 1)",5.0,A doctor once recommended fish oil to me for high cholesterol I know sounds crazy doesn't it? Oil for high cholesterol?? But my cholesterol level has been down now for a long time so maybe it works. A larger pill but easy to swallow.,0
143,B000NPYY04,2025-10-03,Amazon,"Nature's Bounty Fish Oil Omega 3 Supplements - Supports Heart Health, 1200 Mg Fish Oil, Omega-3, 200 Softgels (Pack of 1)",5.0,Best feelings since start using them,0
144,B000NPYY04,2025-10-03,Amazon,"Nature's Bounty Fish Oil Omega 3 Supplements - Supports Heart Health, 1200 Mg Fish Oil, Omega-3, 200 Softgels (Pack of 1)",5.0,No stomach upset. Seems like a good quality supplement.,0
145,B000NPYY04,2025-10-03,Amazon,"Nature's Bounty Fish Oil Omega 3 Supplements - Supports Heart Health, 1200 Mg Fish Oil, Omega-3, 200 Softgels (Pack of 1)",5.0,I appreciate the light taste of the pills. And look forward to the benefits of lowering my cholesterol intake.,0
146,B000NPYY04,2025-10-03,Amazon,"Nature's Bounty Fish Oil Omega 3 Supplements - Supports Heart Health, 1200 Mg Fish Oil, Omega-3, 200 Softgels (Pack of 1)",5.0,My husband and I take these daily to help with joints aches and pain. Easy to digest. No yucky taste!,0
147,B000NPYY04,2025-10-03,Amazon,"Nature's Bounty Fish Oil Omega 3 Supplements - Supports Heart Health, 1200 Mg Fish Oil, Omega-3, 200 Softgels (Pack of 1)",5.0,Good supplement. I use it daily.,0
148,B000NPYY04,2025-10-03,Amazon,"Nature's Bounty Fish Oil Omega 3 Supplements - Supports Heart Health, 1200 Mg Fish Oil, Omega-3, 200 Softgels (Pack of 1)",5.0,"These pills are excellent for your daily life, very good vitamins for your bones, your mind, I take them every morning",0
149,B000NPYY04,2025-10-03,Amazon,"Nature's Bounty Fish Oil Omega 3 Supplements - Supports Heart Health, 1200 Mg Fish Oil, Omega-3, 200 Softgels (Pack of 1)",5.0,It is s its supposed to be.,0
150,B000NPYY04,2025-10-03,Amazon,"Nature's Bounty Fish Oil Omega 3 Supplements - Supports Heart Health, 1200 Mg Fish Oil, Omega-3, 200 Softgels (Pack of 1)",5.0,Great!!,0
